workflow	component	path	name	format	compression
nf-core/rnaseq	BulkRNAseqLevel1	fastqc/{sample_id}_1_fastqc.html	fastqc/R1_fastqc.html	HTML	None
nf-core/rnaseq	BulkRNAseqLevel1	fastqc/{sample_id}_1_fastqc.zip	fastqc/R1_fastqc.zip	ZIP	deflate
nf-core/rnaseq	BulkRNAseqLevel1	fastqc/{sample_id}_2_fastqc.html	fastqc/R2_fastqc.html	HTML	None
nf-core/rnaseq	BulkRNAseqLevel1	fastqc/{sample_id}_2_fastqc.zip	fastqc/R2_fastqc.zip	ZIP	deflate
nf-core/rnaseq	BulkRNAseqLevel2	star_salmon/{sample_id}.markdup.sorted.bam	star_salmon/markdup.sorted.bam	BAM	None
nf-core/rnaseq	BulkRNAseqLevel2	star_salmon/{sample_id}.markdup.sorted.bam.bai	star_salmon/markdup.sorted.bam.bai	BAI	None
nf-core/rnaseq	BulkRNAseqLevel2	star_salmon/bigwig/{sample_id}.forward.bigWig	star_salmon/bigwig/forward.bigWig	BIGWIG	None
nf-core/rnaseq	BulkRNAseqLevel2	star_salmon/bigwig/{sample_id}.reverse.bigWig	star_salmon/bigwig/reverse.bigWig	BIGWIG	None
nf-core/rnaseq	BulkRNAseqLevel2	star_salmon/dupradar/box_plot/{sample_id}_duprateExpBoxplot.pdf	star_salmon/dupradar/box_plot/duprateExpBoxplot.pdf	PDF	None
nf-core/rnaseq	BulkRNAseqLevel2	star_salmon/dupradar/gene_data/{sample_id}_dupMatrix.txt	star_salmon/dupradar/gene_data/dupMatrix.txt	TSV	None
nf-core/rnaseq	BulkRNAseqLevel2	star_salmon/dupradar/histogram/{sample_id}_expressionHist.pdf	star_salmon/dupradar/histogram/expressionHist.pdf	PDF	None
nf-core/rnaseq	BulkRNAseqLevel2	star_salmon/dupradar/intercepts_slope/{sample_id}_intercept_slope.txt	star_salmon/dupradar/intercepts_slope/intercept_slope.txt	TXT	None
nf-core/rnaseq	BulkRNAseqLevel2	star_salmon/dupradar/scatter_plot/{sample_id}_duprateExpDens.pdf	star_salmon/dupradar/scatter_plot/duprateExpDens.pdf	PDF	None
nf-core/rnaseq	BulkRNAseqLevel2	star_salmon/log/{sample_id}.Log.final.out	star_salmon/log/Log.final.out	TXT	None
nf-core/rnaseq	BulkRNAseqLevel2	star_salmon/log/{sample_id}.Log.out	star_salmon/log/Log.out	TXT	None
nf-core/rnaseq	BulkRNAseqLevel2	star_salmon/log/{sample_id}.Log.progress.out	star_salmon/log/Log.progress.out	TXT	None
nf-core/rnaseq	BulkRNAseqLevel2	star_salmon/log/{sample_id}.SJ.out.tab	star_salmon/log/SJ.out.tab	TSV	None
nf-core/rnaseq	BulkRNAseqLevel2	star_salmon/picard_metrics/{sample_id}.markdup.sorted.MarkDuplicates.metrics.txt	star_salmon/picard_metrics/markdup.sorted.MarkDuplicates.metrics.txt	TXT	None
nf-core/rnaseq	BulkRNAseqLevel2	star_salmon/preseq/{sample_id}.ccurve.txt	star_salmon/preseq/ccurve.txt	TSV	None
nf-core/rnaseq	BulkRNAseqLevel2	star_salmon/preseq/log/{sample_id}.command.log	star_salmon/preseq/log/command.log	TXT	None
nf-core/rnaseq	BulkRNAseqLevel2	star_salmon/qualimap/{sample_id}/css/agogo.css	star_salmon/qualimap/css/agogo.css	CSS	None
nf-core/rnaseq	BulkRNAseqLevel2	star_salmon/qualimap/{sample_id}/css/ajax-loader.gif	star_salmon/qualimap/css/ajax-loader.gif	GIF	None
nf-core/rnaseq	BulkRNAseqLevel2	star_salmon/qualimap/{sample_id}/css/basic.css	star_salmon/qualimap/css/basic.css	CSS	None
nf-core/rnaseq	BulkRNAseqLevel2	star_salmon/qualimap/{sample_id}/css/bgfooter.png	star_salmon/qualimap/css/bgfooter.png	PNG	None
nf-core/rnaseq	BulkRNAseqLevel2	star_salmon/qualimap/{sample_id}/css/bgtop.png	star_salmon/qualimap/css/bgtop.png	PNG	None
nf-core/rnaseq	BulkRNAseqLevel2	star_salmon/qualimap/{sample_id}/css/comment-bright.png	star_salmon/qualimap/css/comment-bright.png	PNG	None
nf-core/rnaseq	BulkRNAseqLevel2	star_salmon/qualimap/{sample_id}/css/comment-close.png	star_salmon/qualimap/css/comment-close.png	PNG	None
nf-core/rnaseq	BulkRNAseqLevel2	star_salmon/qualimap/{sample_id}/css/comment.png	star_salmon/qualimap/css/comment.png	PNG	None
nf-core/rnaseq	BulkRNAseqLevel2	star_salmon/qualimap/{sample_id}/css/doctools.js	star_salmon/qualimap/css/doctools.js	JS	None
nf-core/rnaseq	BulkRNAseqLevel2	star_salmon/qualimap/{sample_id}/css/down-pressed.png	star_salmon/qualimap/css/down-pressed.png	PNG	None
nf-core/rnaseq	BulkRNAseqLevel2	star_salmon/qualimap/{sample_id}/css/down.png	star_salmon/qualimap/css/down.png	PNG	None
nf-core/rnaseq	BulkRNAseqLevel2	star_salmon/qualimap/{sample_id}/css/file.png	star_salmon/qualimap/css/file.png	PNG	None
nf-core/rnaseq	BulkRNAseqLevel2	star_salmon/qualimap/{sample_id}/css/jquery.js	star_salmon/qualimap/css/jquery.js	JS	None
nf-core/rnaseq	BulkRNAseqLevel2	star_salmon/qualimap/{sample_id}/css/minus.png	star_salmon/qualimap/css/minus.png	PNG	None
nf-core/rnaseq	BulkRNAseqLevel2	star_salmon/qualimap/{sample_id}/css/plus.png	star_salmon/qualimap/css/plus.png	PNG	None
nf-core/rnaseq	BulkRNAseqLevel2	star_salmon/qualimap/{sample_id}/css/pygments.css	star_salmon/qualimap/css/pygments.css	CSS	None
nf-core/rnaseq	BulkRNAseqLevel2	star_salmon/qualimap/{sample_id}/css/qualimap_logo_small.png	star_salmon/qualimap/css/qualimap_logo_small.png	PNG	None
nf-core/rnaseq	BulkRNAseqLevel2	star_salmon/qualimap/{sample_id}/css/report.css	star_salmon/qualimap/css/report.css	CSS	None
nf-core/rnaseq	BulkRNAseqLevel2	star_salmon/qualimap/{sample_id}/css/searchtools.js	star_salmon/qualimap/css/searchtools.js	JS	None
nf-core/rnaseq	BulkRNAseqLevel2	star_salmon/qualimap/{sample_id}/css/underscore.js	star_salmon/qualimap/css/underscore.js	JS	None
nf-core/rnaseq	BulkRNAseqLevel2	star_salmon/qualimap/{sample_id}/css/up-pressed.png	star_salmon/qualimap/css/up-pressed.png	PNG	None
nf-core/rnaseq	BulkRNAseqLevel2	star_salmon/qualimap/{sample_id}/css/up.png	star_salmon/qualimap/css/up.png	PNG	None
nf-core/rnaseq	BulkRNAseqLevel2	star_salmon/qualimap/{sample_id}/css/websupport.js	star_salmon/qualimap/css/websupport.js	JS	None
nf-core/rnaseq	BulkRNAseqLevel2	star_salmon/qualimap/{sample_id}/images_qualimapReport/Coverage Profile Along Genes (High).png	star_salmon/qualimap/images_qualimapReport/Coverage Profile Along Genes High.png	PNG	None
nf-core/rnaseq	BulkRNAseqLevel2	star_salmon/qualimap/{sample_id}/images_qualimapReport/Coverage Profile Along Genes (Low).png	star_salmon/qualimap/images_qualimapReport/Coverage Profile Along Genes Low.png	PNG	None
nf-core/rnaseq	BulkRNAseqLevel2	star_salmon/qualimap/{sample_id}/images_qualimapReport/Coverage Profile Along Genes (Total).png	star_salmon/qualimap/images_qualimapReport/Coverage Profile Along Genes Total.png	PNG	None
nf-core/rnaseq	BulkRNAseqLevel2	star_salmon/qualimap/{sample_id}/images_qualimapReport/Junction Analysis.png	star_salmon/qualimap/images_qualimapReport/Junction Analysis.png	PNG	None
nf-core/rnaseq	BulkRNAseqLevel2	star_salmon/qualimap/{sample_id}/images_qualimapReport/Reads Genomic Origin.png	star_salmon/qualimap/images_qualimapReport/Reads Genomic Origin.png	PNG	None
nf-core/rnaseq	BulkRNAseqLevel2	star_salmon/qualimap/{sample_id}/images_qualimapReport/Transcript coverage histogram.png	star_salmon/qualimap/images_qualimapReport/Transcript coverage histogram.png	PNG	None
nf-core/rnaseq	BulkRNAseqLevel2	star_salmon/qualimap/{sample_id}/qualimapReport.html	star_salmon/qualimap/qualimapReport.html	HTML	None
nf-core/rnaseq	BulkRNAseqLevel2	star_salmon/qualimap/{sample_id}/raw_data_qualimapReport/coverage_profile_along_genes_(high).txt	star_salmon/qualimap/raw_data_qualimapReport/coverage_profile_along_genes_high.txt	TXT	None
nf-core/rnaseq	BulkRNAseqLevel2	star_salmon/qualimap/{sample_id}/raw_data_qualimapReport/coverage_profile_along_genes_(low).txt	star_salmon/qualimap/raw_data_qualimapReport/coverage_profile_along_genes_low.txt	TXT	None
nf-core/rnaseq	BulkRNAseqLevel2	star_salmon/qualimap/{sample_id}/raw_data_qualimapReport/coverage_profile_along_genes_(total).txt	star_salmon/qualimap/raw_data_qualimapReport/coverage_profile_along_genes_total.txt	TXT	None
nf-core/rnaseq	BulkRNAseqLevel2	star_salmon/qualimap/{sample_id}/rnaseq_qc_results.txt	star_salmon/qualimap/rnaseq_qc_results.txt	TXT	None
nf-core/rnaseq	BulkRNAseqLevel2	star_salmon/rseqc/bam_stat/{sample_id}.bam_stat.txt	star_salmon/rseqc/bam_stat/bam_stat.txt	TXT	None
nf-core/rnaseq	BulkRNAseqLevel2	star_salmon/rseqc/inner_distance/pdf/{sample_id}.inner_distance_plot.pdf	star_salmon/rseqc/inner_distance/pdf/inner_distance_plot.pdf	PDF	None
nf-core/rnaseq	BulkRNAseqLevel2	star_salmon/rseqc/inner_distance/rscript/{sample_id}.inner_distance_plot.r	star_salmon/rseqc/inner_distance/rscript/inner_distance_plot.r	R	None
nf-core/rnaseq	BulkRNAseqLevel2	star_salmon/rseqc/inner_distance/txt/{sample_id}.inner_distance_freq.txt	star_salmon/rseqc/inner_distance/txt/inner_distance_freq.txt	TSV	None
nf-core/rnaseq	BulkRNAseqLevel2	star_salmon/rseqc/inner_distance/txt/{sample_id}.inner_distance_mean.txt	star_salmon/rseqc/inner_distance/txt/inner_distance_mean.txt	TSV	None
nf-core/rnaseq	BulkRNAseqLevel2	star_salmon/rseqc/inner_distance/txt/{sample_id}.inner_distance.txt	star_salmon/rseqc/inner_distance/txt/inner_distance.txt	TSV	None
nf-core/rnaseq	BulkRNAseqLevel2	star_salmon/rseqc/read_duplication/pdf/{sample_id}.DupRate_plot.pdf	star_salmon/rseqc/read_duplication/pdf/DupRate_plot.pdf	PDF	None
nf-core/rnaseq	BulkRNAseqLevel2	star_salmon/rseqc/read_duplication/rscript/{sample_id}.DupRate_plot.r	star_salmon/rseqc/read_duplication/rscript/DupRate_plot.r	R	None
nf-core/rnaseq	BulkRNAseqLevel2	star_salmon/rseqc/read_duplication/xls/{sample_id}.pos.DupRate.xls	star_salmon/rseqc/read_duplication/xls/pos.DupRate.xls	XLS	None
nf-core/rnaseq	BulkRNAseqLevel2	star_salmon/rseqc/read_duplication/xls/{sample_id}.seq.DupRate.xls	star_salmon/rseqc/read_duplication/xls/seq.DupRate.xls	XLS	None
nf-core/rnaseq	BulkRNAseqLevel2	star_salmon/samtools_stats/{sample_id}.markdup.sorted.bam.flagstat	star_salmon/samtools_stats/markdup.sorted.bam.flagstat	TXT	None
nf-core/rnaseq	BulkRNAseqLevel2	star_salmon/samtools_stats/{sample_id}.markdup.sorted.bam.idxstats	star_salmon/samtools_stats/markdup.sorted.bam.idxstats	TSV	None
nf-core/rnaseq	BulkRNAseqLevel2	star_salmon/samtools_stats/{sample_id}.markdup.sorted.bam.stats	star_salmon/samtools_stats/markdup.sorted.bam.stats	TXT	None
nf-core/rnaseq	BulkRNAseqLevel2	star_salmon/samtools_stats/{sample_id}.sorted.bam.flagstat	star_salmon/samtools_stats/sorted.bam.flagstat	TXT	None
nf-core/rnaseq	BulkRNAseqLevel2	star_salmon/samtools_stats/{sample_id}.sorted.bam.idxstats	star_salmon/samtools_stats/sorted.bam.idxstats	TSV	None
nf-core/rnaseq	BulkRNAseqLevel2	star_salmon/samtools_stats/{sample_id}.sorted.bam.stats	star_salmon/samtools_stats/sorted.bam.stats	TXT	None
nf-core/rnaseq	BulkRNAseqLevel2	trimgalore/{sample_id}_1.fastq.gz_trimming_report.txt	trimgalore/R1.fastq.gz_trimming_report.txt	TXT	None
nf-core/rnaseq	BulkRNAseqLevel2	trimgalore/{sample_id}_2.fastq.gz_trimming_report.txt	trimgalore/R2.fastq.gz_trimming_report.txt	TXT	None
nf-core/rnaseq	BulkRNAseqLevel2	trimgalore/fastqc/{sample_id}_1_val_1_fastqc.html	trimgalore/fastqc/val_R1_fastqc.html	HTML	None
nf-core/rnaseq	BulkRNAseqLevel2	trimgalore/fastqc/{sample_id}_1_val_1_fastqc.zip	trimgalore/fastqc/val_R1_fastqc.zip	ZIP	deflate
nf-core/rnaseq	BulkRNAseqLevel2	trimgalore/fastqc/{sample_id}_2_val_2_fastqc.html	trimgalore/fastqc/val_R2_fastqc.html	HTML	None
nf-core/rnaseq	BulkRNAseqLevel2	trimgalore/fastqc/{sample_id}_2_val_2_fastqc.zip	trimgalore/fastqc/val_R2_fastqc.zip	ZIP	deflate
nf-core/rnaseq	BulkRNAseqLevel3	star_salmon/{sample_id}/aux_info/ambig_info.tsv	star_salmon/aux_info/ambig_info.tsv	TSV	None
nf-core/rnaseq	BulkRNAseqLevel3	star_salmon/{sample_id}/aux_info/expected_bias.gz	star_salmon/aux_info/expected_bias.gz	Binary	gzip
nf-core/rnaseq	BulkRNAseqLevel3	star_salmon/{sample_id}/aux_info/fld.gz	star_salmon/aux_info/fld.gz	Binary	gzip
nf-core/rnaseq	BulkRNAseqLevel3	star_salmon/{sample_id}/aux_info/meta_info.json	star_salmon/aux_info/meta_info.json	JSON	None
nf-core/rnaseq	BulkRNAseqLevel3	star_salmon/{sample_id}/aux_info/observed_bias_3p.gz	star_salmon/aux_info/observed_bias_3p.gz	Binary	gzip
nf-core/rnaseq	BulkRNAseqLevel3	star_salmon/{sample_id}/aux_info/observed_bias.gz	star_salmon/aux_info/observed_bias.gz	Binary	gzip
nf-core/rnaseq	BulkRNAseqLevel3	star_salmon/{sample_id}/cmd_info.json	star_salmon/cmd_info.json	JSON	None
nf-core/rnaseq	BulkRNAseqLevel3	star_salmon/{sample_id}/logs/salmon_quant.log	star_salmon/logs/salmon_quant.log	TXT	None
nf-core/rnaseq	BulkRNAseqLevel3	star_salmon/{sample_id}/quant.genes.sf	star_salmon/quant.genes.sf	TSV	None
nf-core/rnaseq	BulkRNAseqLevel3	star_salmon/{sample_id}/quant.sf	star_salmon/quant.sf	TSV	None
nf-core/rnaseq	BulkRNAseqLevel3	star_salmon/deseq2_qc/size_factors/{sample_id}.txt	star_salmon/deseq2_qc/size_factor/txt	TXT	None
nf-core/rnaseq	BulkRNAseqLevel3	star_salmon/featurecounts/{sample_id}.biotype_counts_mqc.tsv	star_salmon/featurecounts/biotype_counts_mqc.tsv	TSV	None
nf-core/rnaseq	BulkRNAseqLevel3	star_salmon/featurecounts/{sample_id}.biotype_counts_rrna_mqc.tsv	star_salmon/featurecounts/biotype_counts_rrna_mqc.tsv	TSV	None
nf-core/rnaseq	BulkRNAseqLevel3	star_salmon/featurecounts/{sample_id}.featureCounts.txt	star_salmon/featurecounts/featureCounts.txt	TSV	None
nf-core/rnaseq	BulkRNAseqLevel3	star_salmon/featurecounts/{sample_id}.featureCounts.txt.summary	star_salmon/featurecounts/featureCounts.txt.summary	TSV	None
nf-core/rnaseq	BulkRNAseqLevel3	star_salmon/rseqc/infer_experiment/{sample_id}.infer_experiment.txt	star_salmon/rseqc/infer_experiment/infer_experiment.txt	TXT	None
nf-core/rnaseq	BulkRNAseqLevel3	star_salmon/rseqc/junction_annotation/bed/{sample_id}.junction.bed	star_salmon/rseqc/junction_annotation/bed/junction.bed	BED	None
nf-core/rnaseq	BulkRNAseqLevel3	star_salmon/rseqc/junction_annotation/bed/{sample_id}.junction.Interact.bed	star_salmon/rseqc/junction_annotation/bed/junction.Interact.bed	BED	None
nf-core/rnaseq	BulkRNAseqLevel3	star_salmon/rseqc/junction_annotation/log/{sample_id}.junction_annotation.log	star_salmon/rseqc/junction_annotation/log/junction_annotation.log	TXT	None
nf-core/rnaseq	BulkRNAseqLevel3	star_salmon/rseqc/junction_annotation/pdf/{sample_id}.splice_events.pdf	star_salmon/rseqc/junction_annotation/pdf/splice_events.pdf	PDF	None
nf-core/rnaseq	BulkRNAseqLevel3	star_salmon/rseqc/junction_annotation/pdf/{sample_id}.splice_junction.pdf	star_salmon/rseqc/junction_annotation/pdf/splice_junction.pdf	PDF	None
nf-core/rnaseq	BulkRNAseqLevel3	star_salmon/rseqc/junction_annotation/rscript/{sample_id}.junction_plot.r	star_salmon/rseqc/junction_annotation/rscript/junction_plot.r	R	None
nf-core/rnaseq	BulkRNAseqLevel3	star_salmon/rseqc/junction_annotation/xls/{sample_id}.junction.xls	star_salmon/rseqc/junction_annotation/xls/junction.xls	XLS	None
nf-core/rnaseq	BulkRNAseqLevel3	star_salmon/rseqc/junction_saturation/pdf/{sample_id}.junctionSaturation_plot.pdf	star_salmon/rseqc/junction_saturation/pdf/junctionSaturation_plot.pdf	PDF	None
nf-core/rnaseq	BulkRNAseqLevel3	star_salmon/rseqc/junction_saturation/rscript/{sample_id}.junctionSaturation_plot.r	star_salmon/rseqc/junction_saturation/rscript/junctionSaturation_plot.r	R	None
nf-core/rnaseq	BulkRNAseqLevel3	star_salmon/rseqc/read_distribution/{sample_id}.read_distribution.txt	star_salmon/rseqc/read_distribution/read_distribution.txt	TXT	None
nf-core/rnaseq	BulkRNAseqLevel3	star_salmon/stringtie/{sample_id}.ballgown/e_data.ctab	star_salmon/stringtie/ballgown/e_data.ctab	TSV	None
nf-core/rnaseq	BulkRNAseqLevel3	star_salmon/stringtie/{sample_id}.ballgown/e2t.ctab	star_salmon/stringtie/ballgown/e2t.ctab	TSV	None
nf-core/rnaseq	BulkRNAseqLevel3	star_salmon/stringtie/{sample_id}.ballgown/i_data.ctab	star_salmon/stringtie/ballgown/i_data.ctab	TSV	None
nf-core/rnaseq	BulkRNAseqLevel3	star_salmon/stringtie/{sample_id}.ballgown/i2t.ctab	star_salmon/stringtie/ballgown/i2t.ctab	TSV	None
nf-core/rnaseq	BulkRNAseqLevel3	star_salmon/stringtie/{sample_id}.ballgown/t_data.ctab	star_salmon/stringtie/ballgown/t_data.ctab	TSV	None
nf-core/rnaseq	BulkRNAseqLevel3	star_salmon/stringtie/{sample_id}.coverage.gtf	star_salmon/stringtie/coverage.gtf	GTF	None
nf-core/rnaseq	BulkRNAseqLevel3	star_salmon/stringtie/{sample_id}.gene.abundance.txt	star_salmon/stringtie/gene.abundance.txt	TXT	None
nf-core/rnaseq	BulkRNAseqLevel3	star_salmon/stringtie/{sample_id}.transcripts.gtf	star_salmon/stringtie/transcripts.gtf	GTF	None
nf-core/sarek	BulkWESLevel1	Reports/{sample_id}/FastQC/{sample_id}_{sample_lane_id}/{sample_id}_{sample_lane_id}_R1_fastqc.html	Reports/FastQC/R1_fastqc.html	HTML	None
nf-core/sarek	BulkWESLevel1	Reports/{sample_id}/FastQC/{sample_id}_{sample_lane_id}/{sample_id}_{sample_lane_id}_R1_fastqc.zip	Reports/FastQC/R1_fastqc.zip	ZIP	deflate
nf-core/sarek	BulkWESLevel1	Reports/{sample_id}/FastQC/{sample_id}_{sample_lane_id}/{sample_id}_{sample_lane_id}_R2_fastqc.html	Reports/FastQC/R2_fastqc.html	HTML	None
nf-core/sarek	BulkWESLevel1	Reports/{sample_id}/FastQC/{sample_id}_{sample_lane_id}/{sample_id}_{sample_lane_id}_R2_fastqc.zip	Reports/FastQC/R2_fastqc.zip	ZIP	deflate
nf-core/sarek	BulkWESLevel2	Preprocessing/{sample_id}/DuplicatesMarked/{sample_id}.recal.table	Preprocessing/DuplicatesMarked/recal.table	TXT	None
nf-core/sarek	BulkWESLevel2	Preprocessing/{sample_id}/Recalibrated/{sample_id}.recal.bam	Preprocessing/Recalibrated/recal.bam	BAM	None
nf-core/sarek	BulkWESLevel2	Preprocessing/{sample_id}/Recalibrated/{sample_id}.recal.bam.bai	Preprocessing/Recalibrated/recal.bam.bai	BAI	None
nf-core/sarek	BulkWESLevel2	Reports/{sample_id}_{sample_lane_id}/bamQC/{sample_id}_{sample_lane_id}/css/agogo.css	Reports/bamQC/css/agogo.css	CSS	None
nf-core/sarek	BulkWESLevel2	Reports/{sample_id}_{sample_lane_id}/bamQC/{sample_id}_{sample_lane_id}/css/ajax-loader.gif	Reports/bamQC/css/ajax-loader.gif	GIF	None
nf-core/sarek	BulkWESLevel2	Reports/{sample_id}_{sample_lane_id}/bamQC/{sample_id}_{sample_lane_id}/css/basic.css	Reports/bamQC/css/basic.css	CSS	None
nf-core/sarek	BulkWESLevel2	Reports/{sample_id}_{sample_lane_id}/bamQC/{sample_id}_{sample_lane_id}/css/bgfooter.png	Reports/bamQC/css/bgfooter.png	PNG	None
nf-core/sarek	BulkWESLevel2	Reports/{sample_id}_{sample_lane_id}/bamQC/{sample_id}_{sample_lane_id}/css/bgtop.png	Reports/bamQC/css/bgtop.png	PNG	None
nf-core/sarek	BulkWESLevel2	Reports/{sample_id}_{sample_lane_id}/bamQC/{sample_id}_{sample_lane_id}/css/comment-bright.png	Reports/bamQC/css/comment-bright.png	PNG	None
nf-core/sarek	BulkWESLevel2	Reports/{sample_id}_{sample_lane_id}/bamQC/{sample_id}_{sample_lane_id}/css/comment-close.png	Reports/bamQC/css/comment-close.png	PNG	None
nf-core/sarek	BulkWESLevel2	Reports/{sample_id}_{sample_lane_id}/bamQC/{sample_id}_{sample_lane_id}/css/comment.png	Reports/bamQC/css/comment.png	PNG	None
nf-core/sarek	BulkWESLevel2	Reports/{sample_id}_{sample_lane_id}/bamQC/{sample_id}_{sample_lane_id}/css/doctools.js	Reports/bamQC/css/doctools.js	JS	None
nf-core/sarek	BulkWESLevel2	Reports/{sample_id}_{sample_lane_id}/bamQC/{sample_id}_{sample_lane_id}/css/down-pressed.png	Reports/bamQC/css/down-pressed.png	PNG	None
nf-core/sarek	BulkWESLevel2	Reports/{sample_id}_{sample_lane_id}/bamQC/{sample_id}_{sample_lane_id}/css/down.png	Reports/bamQC/css/down.png	PNG	None
nf-core/sarek	BulkWESLevel2	Reports/{sample_id}_{sample_lane_id}/bamQC/{sample_id}_{sample_lane_id}/css/file.png	Reports/bamQC/css/file.png	PNG	None
nf-core/sarek	BulkWESLevel2	Reports/{sample_id}_{sample_lane_id}/bamQC/{sample_id}_{sample_lane_id}/css/jquery.js	Reports/bamQC/css/jquery.js	JS	None
nf-core/sarek	BulkWESLevel2	Reports/{sample_id}_{sample_lane_id}/bamQC/{sample_id}_{sample_lane_id}/css/minus.png	Reports/bamQC/css/minus.png	PNG	None
nf-core/sarek	BulkWESLevel2	Reports/{sample_id}_{sample_lane_id}/bamQC/{sample_id}_{sample_lane_id}/css/plus.png	Reports/bamQC/css/plus.png	PNG	None
nf-core/sarek	BulkWESLevel2	Reports/{sample_id}_{sample_lane_id}/bamQC/{sample_id}_{sample_lane_id}/css/pygments.css	Reports/bamQC/css/pygments.css	CSS	None
nf-core/sarek	BulkWESLevel2	Reports/{sample_id}_{sample_lane_id}/bamQC/{sample_id}_{sample_lane_id}/css/qualimap_logo_small.png	Reports/bamQC/css/qualimap_logo_small.png	PNG	None
nf-core/sarek	BulkWESLevel2	Reports/{sample_id}_{sample_lane_id}/bamQC/{sample_id}_{sample_lane_id}/css/report.css	Reports/bamQC/css/report.css	CSS	None
nf-core/sarek	BulkWESLevel2	Reports/{sample_id}_{sample_lane_id}/bamQC/{sample_id}_{sample_lane_id}/css/searchtools.js	Reports/bamQC/css/searchtools.js	JS	None
nf-core/sarek	BulkWESLevel2	Reports/{sample_id}_{sample_lane_id}/bamQC/{sample_id}_{sample_lane_id}/css/underscore.js	Reports/bamQC/css/underscore.js	JS	None
nf-core/sarek	BulkWESLevel2	Reports/{sample_id}_{sample_lane_id}/bamQC/{sample_id}_{sample_lane_id}/css/up-pressed.png	Reports/bamQC/css/up-pressed.png	PNG	None
nf-core/sarek	BulkWESLevel2	Reports/{sample_id}_{sample_lane_id}/bamQC/{sample_id}_{sample_lane_id}/css/up.png	Reports/bamQC/css/up.png	PNG	None
nf-core/sarek	BulkWESLevel2	Reports/{sample_id}_{sample_lane_id}/bamQC/{sample_id}_{sample_lane_id}/css/websupport.js	Reports/bamQC/css/websupport.js	JS	None
nf-core/sarek	BulkWESLevel2	Reports/{sample_id}_{sample_lane_id}/bamQC/{sample_id}_{sample_lane_id}/genome_results.txt	Reports/bamQC/genome_results.txt	TXT	None
nf-core/sarek	BulkWESLevel2	Reports/{sample_id}_{sample_lane_id}/bamQC/{sample_id}_{sample_lane_id}/images_qualimapReport/genome_coverage_0to50_histogram.png	Reports/bamQC/images_qualimapReport/genome_coverage_0to50_histogram.png	PNG	None
nf-core/sarek	BulkWESLevel2	Reports/{sample_id}_{sample_lane_id}/bamQC/{sample_id}_{sample_lane_id}/images_qualimapReport/genome_coverage_across_reference.png	Reports/bamQC/images_qualimapReport/genome_coverage_across_reference.png	PNG	None
nf-core/sarek	BulkWESLevel2	Reports/{sample_id}_{sample_lane_id}/bamQC/{sample_id}_{sample_lane_id}/images_qualimapReport/genome_coverage_histogram.png	Reports/bamQC/images_qualimapReport/genome_coverage_histogram.png	PNG	None
nf-core/sarek	BulkWESLevel2	Reports/{sample_id}_{sample_lane_id}/bamQC/{sample_id}_{sample_lane_id}/images_qualimapReport/genome_coverage_quotes.png	Reports/bamQC/images_qualimapReport/genome_coverage_quotes.png	PNG	None
nf-core/sarek	BulkWESLevel2	Reports/{sample_id}_{sample_lane_id}/bamQC/{sample_id}_{sample_lane_id}/images_qualimapReport/genome_gc_content_per_window.png	Reports/bamQC/images_qualimapReport/genome_gc_content_per_window.png	PNG	None
nf-core/sarek	BulkWESLevel2	Reports/{sample_id}_{sample_lane_id}/bamQC/{sample_id}_{sample_lane_id}/images_qualimapReport/genome_homopolymer_indels.png	Reports/bamQC/images_qualimapReport/genome_homopolymer_indels.png	PNG	None
nf-core/sarek	BulkWESLevel2	Reports/{sample_id}_{sample_lane_id}/bamQC/{sample_id}_{sample_lane_id}/images_qualimapReport/genome_insert_size_across_reference.png	Reports/bamQC/images_qualimapReport/genome_insert_size_across_reference.png	PNG	None
nf-core/sarek	BulkWESLevel2	Reports/{sample_id}_{sample_lane_id}/bamQC/{sample_id}_{sample_lane_id}/images_qualimapReport/genome_insert_size_histogram.png	Reports/bamQC/images_qualimapReport/genome_insert_size_histogram.png	PNG	None
nf-core/sarek	BulkWESLevel2	Reports/{sample_id}_{sample_lane_id}/bamQC/{sample_id}_{sample_lane_id}/images_qualimapReport/genome_mapping_quality_across_reference.png	Reports/bamQC/images_qualimapReport/genome_mapping_quality_across_reference.png	PNG	None
nf-core/sarek	BulkWESLevel2	Reports/{sample_id}_{sample_lane_id}/bamQC/{sample_id}_{sample_lane_id}/images_qualimapReport/genome_mapping_quality_histogram.png	Reports/bamQC/images_qualimapReport/genome_mapping_quality_histogram.png	PNG	None
nf-core/sarek	BulkWESLevel2	Reports/{sample_id}_{sample_lane_id}/bamQC/{sample_id}_{sample_lane_id}/images_qualimapReport/genome_reads_clipping_profile.png	Reports/bamQC/images_qualimapReport/genome_reads_clipping_profile.png	PNG	None
nf-core/sarek	BulkWESLevel2	Reports/{sample_id}_{sample_lane_id}/bamQC/{sample_id}_{sample_lane_id}/images_qualimapReport/genome_reads_content_per_read_position.png	Reports/bamQC/images_qualimapReport/genome_reads_content_per_read_position.png	PNG	None
nf-core/sarek	BulkWESLevel2	Reports/{sample_id}_{sample_lane_id}/bamQC/{sample_id}_{sample_lane_id}/images_qualimapReport/genome_uniq_read_starts_histogram.png	Reports/bamQC/images_qualimapReport/genome_uniq_read_starts_histogram.png	PNG	None
nf-core/sarek	BulkWESLevel2	Reports/{sample_id}_{sample_lane_id}/bamQC/{sample_id}_{sample_lane_id}/qualimapReport.html	Reports/bamQC/qualimapReport.html	HTML	None
nf-core/sarek	BulkWESLevel2	Reports/{sample_id}_{sample_lane_id}/bamQC/{sample_id}_{sample_lane_id}/raw_data_qualimapReport/coverage_across_reference.txt	Reports/bamQC/raw_data_qualimapReport/coverage_across_reference.txt	TSV	None
nf-core/sarek	BulkWESLevel2	Reports/{sample_id}_{sample_lane_id}/bamQC/{sample_id}_{sample_lane_id}/raw_data_qualimapReport/coverage_histogram.txt	Reports/bamQC/raw_data_qualimapReport/coverage_histogram.txt	TSV	None
nf-core/sarek	BulkWESLevel2	Reports/{sample_id}_{sample_lane_id}/bamQC/{sample_id}_{sample_lane_id}/raw_data_qualimapReport/duplication_rate_histogram.txt	Reports/bamQC/raw_data_qualimapReport/duplication_rate_histogram.txt	TSV	None
nf-core/sarek	BulkWESLevel2	Reports/{sample_id}_{sample_lane_id}/bamQC/{sample_id}_{sample_lane_id}/raw_data_qualimapReport/genome_fraction_coverage.txt	Reports/bamQC/raw_data_qualimapReport/genome_fraction_coverage.txt	TSV	None
nf-core/sarek	BulkWESLevel2	Reports/{sample_id}_{sample_lane_id}/bamQC/{sample_id}_{sample_lane_id}/raw_data_qualimapReport/homopolymer_indels.txt	Reports/bamQC/raw_data_qualimapReport/homopolymer_indels.txt	TSV	None
nf-core/sarek	BulkWESLevel2	Reports/{sample_id}_{sample_lane_id}/bamQC/{sample_id}_{sample_lane_id}/raw_data_qualimapReport/insert_size_across_reference.txt	Reports/bamQC/raw_data_qualimapReport/insert_size_across_reference.txt	TSV	None
nf-core/sarek	BulkWESLevel2	Reports/{sample_id}_{sample_lane_id}/bamQC/{sample_id}_{sample_lane_id}/raw_data_qualimapReport/insert_size_histogram.txt	Reports/bamQC/raw_data_qualimapReport/insert_size_histogram.txt	TSV	None
nf-core/sarek	BulkWESLevel2	Reports/{sample_id}_{sample_lane_id}/bamQC/{sample_id}_{sample_lane_id}/raw_data_qualimapReport/mapped_reads_clipping_profile.txt	Reports/bamQC/raw_data_qualimapReport/mapped_reads_clipping_profile.txt	TSV	None
nf-core/sarek	BulkWESLevel2	Reports/{sample_id}_{sample_lane_id}/bamQC/{sample_id}_{sample_lane_id}/raw_data_qualimapReport/mapped_reads_gc-content_distribution.txt	Reports/bamQC/raw_data_qualimapReport/mapped_reads_gc-content_distribution.txt	TSV	None
nf-core/sarek	BulkWESLevel2	Reports/{sample_id}_{sample_lane_id}/bamQC/{sample_id}_{sample_lane_id}/raw_data_qualimapReport/mapped_reads_nucleotide_content.txt	Reports/bamQC/raw_data_qualimapReport/mapped_reads_nucleotide_content.txt	TSV	None
nf-core/sarek	BulkWESLevel2	Reports/{sample_id}_{sample_lane_id}/bamQC/{sample_id}_{sample_lane_id}/raw_data_qualimapReport/mapping_quality_across_reference.txt	Reports/bamQC/raw_data_qualimapReport/mapping_quality_across_reference.txt	TSV	None
nf-core/sarek	BulkWESLevel2	Reports/{sample_id}_{sample_lane_id}/bamQC/{sample_id}_{sample_lane_id}/raw_data_qualimapReport/mapping_quality_histogram.txt	Reports/bamQC/raw_data_qualimapReport/mapping_quality_histogram.txt	TSV	None
nf-core/sarek	BulkWESLevel2	Reports/{sample_id}/bamQC/{sample_id}.recal/css/agogo.css	Reports/bamQC/recal/css/agogo.css	CSS	None
nf-core/sarek	BulkWESLevel2	Reports/{sample_id}/bamQC/{sample_id}.recal/css/ajax-loader.gif	Reports/bamQC/recal/css/ajax-loader.gif	GIF	None
nf-core/sarek	BulkWESLevel2	Reports/{sample_id}/bamQC/{sample_id}.recal/css/basic.css	Reports/bamQC/recal/css/basic.css	CSS	None
nf-core/sarek	BulkWESLevel2	Reports/{sample_id}/bamQC/{sample_id}.recal/css/bgfooter.png	Reports/bamQC/recal/css/bgfooter.png	PNG	None
nf-core/sarek	BulkWESLevel2	Reports/{sample_id}/bamQC/{sample_id}.recal/css/bgtop.png	Reports/bamQC/recal/css/bgtop.png	PNG	None
nf-core/sarek	BulkWESLevel2	Reports/{sample_id}/bamQC/{sample_id}.recal/css/comment-bright.png	Reports/bamQC/recal/css/comment-bright.png	PNG	None
nf-core/sarek	BulkWESLevel2	Reports/{sample_id}/bamQC/{sample_id}.recal/css/comment-close.png	Reports/bamQC/recal/css/comment-close.png	PNG	None
nf-core/sarek	BulkWESLevel2	Reports/{sample_id}/bamQC/{sample_id}.recal/css/comment.png	Reports/bamQC/recal/css/comment.png	PNG	None
nf-core/sarek	BulkWESLevel2	Reports/{sample_id}/bamQC/{sample_id}.recal/css/doctools.js	Reports/bamQC/recal/css/doctools.js	JS	None
nf-core/sarek	BulkWESLevel2	Reports/{sample_id}/bamQC/{sample_id}.recal/css/down-pressed.png	Reports/bamQC/recal/css/down-pressed.png	PNG	None
nf-core/sarek	BulkWESLevel2	Reports/{sample_id}/bamQC/{sample_id}.recal/css/down.png	Reports/bamQC/recal/css/down.png	PNG	None
nf-core/sarek	BulkWESLevel2	Reports/{sample_id}/bamQC/{sample_id}.recal/css/file.png	Reports/bamQC/recal/css/file.png	PNG	None
nf-core/sarek	BulkWESLevel2	Reports/{sample_id}/bamQC/{sample_id}.recal/css/jquery.js	Reports/bamQC/recal/css/jquery.js	JS	None
nf-core/sarek	BulkWESLevel2	Reports/{sample_id}/bamQC/{sample_id}.recal/css/minus.png	Reports/bamQC/recal/css/minus.png	PNG	None
nf-core/sarek	BulkWESLevel2	Reports/{sample_id}/bamQC/{sample_id}.recal/css/plus.png	Reports/bamQC/recal/css/plus.png	PNG	None
nf-core/sarek	BulkWESLevel2	Reports/{sample_id}/bamQC/{sample_id}.recal/css/pygments.css	Reports/bamQC/recal/css/pygments.css	CSS	None
nf-core/sarek	BulkWESLevel2	Reports/{sample_id}/bamQC/{sample_id}.recal/css/qualimap_logo_small.png	Reports/bamQC/recal/css/qualimap_logo_small.png	PNG	None
nf-core/sarek	BulkWESLevel2	Reports/{sample_id}/bamQC/{sample_id}.recal/css/report.css	Reports/bamQC/recal/css/report.css	CSS	None
nf-core/sarek	BulkWESLevel2	Reports/{sample_id}/bamQC/{sample_id}.recal/css/searchtools.js	Reports/bamQC/recal/css/searchtools.js	JS	None
nf-core/sarek	BulkWESLevel2	Reports/{sample_id}/bamQC/{sample_id}.recal/css/underscore.js	Reports/bamQC/recal/css/underscore.js	JS	None
nf-core/sarek	BulkWESLevel2	Reports/{sample_id}/bamQC/{sample_id}.recal/css/up-pressed.png	Reports/bamQC/recal/css/up-pressed.png	PNG	None
nf-core/sarek	BulkWESLevel2	Reports/{sample_id}/bamQC/{sample_id}.recal/css/up.png	Reports/bamQC/recal/css/up.png	PNG	None
nf-core/sarek	BulkWESLevel2	Reports/{sample_id}/bamQC/{sample_id}.recal/css/websupport.js	Reports/bamQC/recal/css/websupport.js	JS	None
nf-core/sarek	BulkWESLevel2	Reports/{sample_id}/bamQC/{sample_id}.recal/genome_results.txt	Reports/bamQC/recal/genome_results.txt	TXT	None
nf-core/sarek	BulkWESLevel2	Reports/{sample_id}/bamQC/{sample_id}.recal/images_qualimapReport/genome_coverage_0to50_histogram.png	Reports/bamQC/recal/images_qualimapReport/genome_coverage_0to50_histogram.png	PNG	None
nf-core/sarek	BulkWESLevel2	Reports/{sample_id}/bamQC/{sample_id}.recal/images_qualimapReport/genome_coverage_across_reference.png	Reports/bamQC/recal/images_qualimapReport/genome_coverage_across_reference.png	PNG	None
nf-core/sarek	BulkWESLevel2	Reports/{sample_id}/bamQC/{sample_id}.recal/images_qualimapReport/genome_coverage_histogram.png	Reports/bamQC/recal/images_qualimapReport/genome_coverage_histogram.png	PNG	None
nf-core/sarek	BulkWESLevel2	Reports/{sample_id}/bamQC/{sample_id}.recal/images_qualimapReport/genome_coverage_quotes.png	Reports/bamQC/recal/images_qualimapReport/genome_coverage_quotes.png	PNG	None
nf-core/sarek	BulkWESLevel2	Reports/{sample_id}/bamQC/{sample_id}.recal/images_qualimapReport/genome_gc_content_per_window.png	Reports/bamQC/recal/images_qualimapReport/genome_gc_content_per_window.png	PNG	None
nf-core/sarek	BulkWESLevel2	Reports/{sample_id}/bamQC/{sample_id}.recal/images_qualimapReport/genome_homopolymer_indels.png	Reports/bamQC/recal/images_qualimapReport/genome_homopolymer_indels.png	PNG	None
nf-core/sarek	BulkWESLevel2	Reports/{sample_id}/bamQC/{sample_id}.recal/images_qualimapReport/genome_insert_size_across_reference.png	Reports/bamQC/recal/images_qualimapReport/genome_insert_size_across_reference.png	PNG	None
nf-core/sarek	BulkWESLevel2	Reports/{sample_id}/bamQC/{sample_id}.recal/images_qualimapReport/genome_insert_size_histogram.png	Reports/bamQC/recal/images_qualimapReport/genome_insert_size_histogram.png	PNG	None
nf-core/sarek	BulkWESLevel2	Reports/{sample_id}/bamQC/{sample_id}.recal/images_qualimapReport/genome_mapping_quality_across_reference.png	Reports/bamQC/recal/images_qualimapReport/genome_mapping_quality_across_reference.png	PNG	None
nf-core/sarek	BulkWESLevel2	Reports/{sample_id}/bamQC/{sample_id}.recal/images_qualimapReport/genome_mapping_quality_histogram.png	Reports/bamQC/recal/images_qualimapReport/genome_mapping_quality_histogram.png	PNG	None
nf-core/sarek	BulkWESLevel2	Reports/{sample_id}/bamQC/{sample_id}.recal/images_qualimapReport/genome_reads_clipping_profile.png	Reports/bamQC/recal/images_qualimapReport/genome_reads_clipping_profile.png	PNG	None
nf-core/sarek	BulkWESLevel2	Reports/{sample_id}/bamQC/{sample_id}.recal/images_qualimapReport/genome_reads_content_per_read_position.png	Reports/bamQC/recal/images_qualimapReport/genome_reads_content_per_read_position.png	PNG	None
nf-core/sarek	BulkWESLevel2	Reports/{sample_id}/bamQC/{sample_id}.recal/images_qualimapReport/genome_uniq_read_starts_histogram.png	Reports/bamQC/recal/images_qualimapReport/genome_uniq_read_starts_histogram.png	PNG	None
nf-core/sarek	BulkWESLevel2	Reports/{sample_id}/bamQC/{sample_id}.recal/qualimapReport.html	Reports/bamQC/recal/qualimapReport.html	HTML	None
nf-core/sarek	BulkWESLevel2	Reports/{sample_id}/bamQC/{sample_id}.recal/raw_data_qualimapReport/coverage_across_reference.txt	Reports/bamQC/recal/raw_data_qualimapReport/coverage_across_reference.txt	TSV	None
nf-core/sarek	BulkWESLevel2	Reports/{sample_id}/bamQC/{sample_id}.recal/raw_data_qualimapReport/coverage_histogram.txt	Reports/bamQC/recal/raw_data_qualimapReport/coverage_histogram.txt	TSV	None
nf-core/sarek	BulkWESLevel2	Reports/{sample_id}/bamQC/{sample_id}.recal/raw_data_qualimapReport/duplication_rate_histogram.txt	Reports/bamQC/recal/raw_data_qualimapReport/duplication_rate_histogram.txt	TSV	None
nf-core/sarek	BulkWESLevel2	Reports/{sample_id}/bamQC/{sample_id}.recal/raw_data_qualimapReport/genome_fraction_coverage.txt	Reports/bamQC/recal/raw_data_qualimapReport/genome_fraction_coverage.txt	TSV	None
nf-core/sarek	BulkWESLevel2	Reports/{sample_id}/bamQC/{sample_id}.recal/raw_data_qualimapReport/homopolymer_indels.txt	Reports/bamQC/recal/raw_data_qualimapReport/homopolymer_indels.txt	TSV	None
nf-core/sarek	BulkWESLevel2	Reports/{sample_id}/bamQC/{sample_id}.recal/raw_data_qualimapReport/insert_size_across_reference.txt	Reports/bamQC/recal/raw_data_qualimapReport/insert_size_across_reference.txt	TSV	None
nf-core/sarek	BulkWESLevel2	Reports/{sample_id}/bamQC/{sample_id}.recal/raw_data_qualimapReport/insert_size_histogram.txt	Reports/bamQC/recal/raw_data_qualimapReport/insert_size_histogram.txt	TSV	None
nf-core/sarek	BulkWESLevel2	Reports/{sample_id}/bamQC/{sample_id}.recal/raw_data_qualimapReport/mapped_reads_clipping_profile.txt	Reports/bamQC/recal/raw_data_qualimapReport/mapped_reads_clipping_profile.txt	TSV	None
nf-core/sarek	BulkWESLevel2	Reports/{sample_id}/bamQC/{sample_id}.recal/raw_data_qualimapReport/mapped_reads_gc-content_distribution.txt	Reports/bamQC/recal/raw_data_qualimapReport/mapped_reads_gc-content_distribution.txt	TSV	None
nf-core/sarek	BulkWESLevel2	Reports/{sample_id}/bamQC/{sample_id}.recal/raw_data_qualimapReport/mapped_reads_nucleotide_content.txt	Reports/bamQC/recal/raw_data_qualimapReport/mapped_reads_nucleotide_content.txt	TSV	None
nf-core/sarek	BulkWESLevel2	Reports/{sample_id}/bamQC/{sample_id}.recal/raw_data_qualimapReport/mapping_quality_across_reference.txt	Reports/bamQC/recal/raw_data_qualimapReport/mapping_quality_across_reference.txt	TSV	None
nf-core/sarek	BulkWESLevel2	Reports/{sample_id}/bamQC/{sample_id}.recal/raw_data_qualimapReport/mapping_quality_histogram.txt	Reports/bamQC/recal/raw_data_qualimapReport/mapping_quality_histogram.txt	TSV	None
nf-core/sarek	BulkWESLevel2	Reports/{sample_id}/MarkDuplicates/{sample_id}.bam.metrics	Reports/MarkDuplicates/bam.metrics	TXT	None
nf-core/sarek	BulkWESLevel2	Reports/{sample_id}/SamToolsStats/{sample_id}.recal.bam.samtools.stats.out	Reports/SamToolsStats/recal.bam.samtools.stats.out	TXT	None
nf-core/sarek	BulkWESLevel3	Reports/{sample_id}/BCFToolsStats/Manta_{sample_id}.diploidSV.bcf.tools.stats.out	Reports/BCFToolsStats/Manta.diploidSV.bcf.tools.stats.out	TXT	None
nf-core/sarek	BulkWESLevel3	Reports/{sample_id}/BCFToolsStats/Manta_{sample_id}.tumorSV.bcf.tools.stats.out	Reports/BCFToolsStats/Manta.tumorSV.bcf.tools.stats.out	TXT	None
nf-core/sarek	BulkWESLevel3	Reports/{sample_id}/BCFToolsStats/Strelka_{sample_id}_variants.bcf.tools.stats.out	Reports/BCFToolsStats/Strelka_variants.bcf.tools.stats.out	TXT	None
nf-core/sarek	BulkWESLevel3	Reports/{sample_id}/VCFTools/Manta_{sample_id}.diploidSV.FILTER.summary	Reports/VCFTools/Manta.diploidSV.FILTER.summary	TSV	None
nf-core/sarek	BulkWESLevel3	Reports/{sample_id}/VCFTools/Manta_{sample_id}.diploidSV.TsTv.count	Reports/VCFTools/Manta.diploidSV.TsTv.count	TSV	None
nf-core/sarek	BulkWESLevel3	Reports/{sample_id}/VCFTools/Manta_{sample_id}.diploidSV.TsTv.qual	Reports/VCFTools/Manta.diploidSV.TsTv.qual	TSV	None
nf-core/sarek	BulkWESLevel3	Reports/{sample_id}/VCFTools/Manta_{sample_id}.tumorSV.FILTER.summary	Reports/VCFTools/Manta.tumorSV.FILTER.summary	TSV	None
nf-core/sarek	BulkWESLevel3	Reports/{sample_id}/VCFTools/Manta_{sample_id}.tumorSV.TsTv.count	Reports/VCFTools/Manta.tumorSV.TsTv.count	TSV	None
nf-core/sarek	BulkWESLevel3	Reports/{sample_id}/VCFTools/Manta_{sample_id}.tumorSV.TsTv.qual	Reports/VCFTools/Manta.tumorSV.TsTv.qual	TSV	None
nf-core/sarek	BulkWESLevel3	Reports/{sample_id}/VCFTools/Strelka_{sample_id}_variants.FILTER.summary	Reports/VCFTools/Strelka_variants.FILTER.summary	TSV	None
nf-core/sarek	BulkWESLevel3	Reports/{sample_id}/VCFTools/Strelka_{sample_id}_variants.TsTv.count	Reports/VCFTools/Strelka_variants.TsTv.count	TSV	None
nf-core/sarek	BulkWESLevel3	Reports/{sample_id}/VCFTools/Strelka_{sample_id}_variants.TsTv.qual	Reports/VCFTools/Strelka_variants.TsTv.qual	TSV	None
nf-core/sarek	BulkWESLevel3	Reports/{tumor_id}_vs_{normal_id}/BCFToolsStats/Manta_{tumor_id}_vs_{normal_id}.diploidSV.bcf.tools.stats.out	Reports/vs/BCFToolsStats/Manta_vs.diploidSV.bcf.tools.stats.out	TXT	None
nf-core/sarek	BulkWESLevel3	Reports/{tumor_id}_vs_{normal_id}/BCFToolsStats/Manta_{tumor_id}_vs_{normal_id}.somaticSV.bcf.tools.stats.out	Reports/vs/BCFToolsStats/Manta_vs.somaticSV.bcf.tools.stats.out	TXT	None
nf-core/sarek	BulkWESLevel3	Reports/{tumor_id}_vs_{normal_id}/BCFToolsStats/Strelka_{tumor_id}_vs_{normal_id}_somatic_indels.bcf.tools.stats.out	Reports/vs/BCFToolsStats/Strelka_vs_somatic_indels.bcf.tools.stats.out	TXT	None
nf-core/sarek	BulkWESLevel3	Reports/{tumor_id}_vs_{normal_id}/BCFToolsStats/Strelka_{tumor_id}_vs_{normal_id}_somatic_snvs.bcf.tools.stats.out	Reports/vs/BCFToolsStats/Strelka_vs_somatic_snvs.bcf.tools.stats.out	TXT	None
nf-core/sarek	BulkWESLevel3	Reports/{tumor_id}_vs_{normal_id}/BCFToolsStats/StrelkaBP_{tumor_id}_vs_{normal_id}_somatic_indels.bcf.tools.stats.out	Reports/vs/BCFToolsStats/StrelkaBP_vs_somatic_indels.bcf.tools.stats.out	TXT	None
nf-core/sarek	BulkWESLevel3	Reports/{tumor_id}_vs_{normal_id}/BCFToolsStats/StrelkaBP_{tumor_id}_vs_{normal_id}_somatic_snvs.bcf.tools.stats.out	Reports/vs/BCFToolsStats/StrelkaBP_vs_somatic_snvs.bcf.tools.stats.out	TXT	None
nf-core/sarek	BulkWESLevel3	Reports/{tumor_id}_vs_{normal_id}/VCFTools/Manta_{tumor_id}_vs_{normal_id}.diploidSV.FILTER.summary	Reports/vs/VCFTools/Manta_vs.diploidSV.FILTER.summary	TSV	None
nf-core/sarek	BulkWESLevel3	Reports/{tumor_id}_vs_{normal_id}/VCFTools/Manta_{tumor_id}_vs_{normal_id}.diploidSV.TsTv.count	Reports/vs/VCFTools/Manta_vs.diploidSV.TsTv.count	TSV	None
nf-core/sarek	BulkWESLevel3	Reports/{tumor_id}_vs_{normal_id}/VCFTools/Manta_{tumor_id}_vs_{normal_id}.diploidSV.TsTv.qual	Reports/vs/VCFTools/Manta_vs.diploidSV.TsTv.qual	TSV	None
nf-core/sarek	BulkWESLevel3	Reports/{tumor_id}_vs_{normal_id}/VCFTools/Manta_{tumor_id}_vs_{normal_id}.somaticSV.FILTER.summary	Reports/vs/VCFTools/Manta_vs.somaticSV.FILTER.summary	TSV	None
nf-core/sarek	BulkWESLevel3	Reports/{tumor_id}_vs_{normal_id}/VCFTools/Manta_{tumor_id}_vs_{normal_id}.somaticSV.TsTv.count	Reports/vs/VCFTools/Manta_vs.somaticSV.TsTv.count	TSV	None
nf-core/sarek	BulkWESLevel3	Reports/{tumor_id}_vs_{normal_id}/VCFTools/Manta_{tumor_id}_vs_{normal_id}.somaticSV.TsTv.qual	Reports/vs/VCFTools/Manta_vs.somaticSV.TsTv.qual	TSV	None
nf-core/sarek	BulkWESLevel3	Reports/{tumor_id}_vs_{normal_id}/VCFTools/Strelka_{tumor_id}_vs_{normal_id}_somatic_indels.FILTER.summary	Reports/vs/VCFTools/Strelka_vs_somatic_indels.FILTER.summary	TSV	None
nf-core/sarek	BulkWESLevel3	Reports/{tumor_id}_vs_{normal_id}/VCFTools/Strelka_{tumor_id}_vs_{normal_id}_somatic_indels.TsTv.count	Reports/vs/VCFTools/Strelka_vs_somatic_indels.TsTv.count	TSV	None
nf-core/sarek	BulkWESLevel3	Reports/{tumor_id}_vs_{normal_id}/VCFTools/Strelka_{tumor_id}_vs_{normal_id}_somatic_indels.TsTv.qual	Reports/vs/VCFTools/Strelka_vs_somatic_indels.TsTv.qual	TSV	None
nf-core/sarek	BulkWESLevel3	Reports/{tumor_id}_vs_{normal_id}/VCFTools/Strelka_{tumor_id}_vs_{normal_id}_somatic_snvs.FILTER.summary	Reports/vs/VCFTools/Strelka_vs_somatic_snvs.FILTER.summary	TSV	None
nf-core/sarek	BulkWESLevel3	Reports/{tumor_id}_vs_{normal_id}/VCFTools/Strelka_{tumor_id}_vs_{normal_id}_somatic_snvs.TsTv.count	Reports/vs/VCFTools/Strelka_vs_somatic_snvs.TsTv.count	TSV	None
nf-core/sarek	BulkWESLevel3	Reports/{tumor_id}_vs_{normal_id}/VCFTools/Strelka_{tumor_id}_vs_{normal_id}_somatic_snvs.TsTv.qual	Reports/vs/VCFTools/Strelka_vs_somatic_snvs.TsTv.qual	TSV	None
nf-core/sarek	BulkWESLevel3	Reports/{tumor_id}_vs_{normal_id}/VCFTools/StrelkaBP_{tumor_id}_vs_{normal_id}_somatic_indels.FILTER.summary	Reports/vs/VCFTools/StrelkaBP_vs_somatic_indels.FILTER.summary	TSV	None
nf-core/sarek	BulkWESLevel3	Reports/{tumor_id}_vs_{normal_id}/VCFTools/StrelkaBP_{tumor_id}_vs_{normal_id}_somatic_indels.TsTv.count	Reports/vs/VCFTools/StrelkaBP_vs_somatic_indels.TsTv.count	TSV	None
nf-core/sarek	BulkWESLevel3	Reports/{tumor_id}_vs_{normal_id}/VCFTools/StrelkaBP_{tumor_id}_vs_{normal_id}_somatic_indels.TsTv.qual	Reports/vs/VCFTools/StrelkaBP_vs_somatic_indels.TsTv.qual	TSV	None
nf-core/sarek	BulkWESLevel3	Reports/{tumor_id}_vs_{normal_id}/VCFTools/StrelkaBP_{tumor_id}_vs_{normal_id}_somatic_snvs.FILTER.summary	Reports/vs/VCFTools/StrelkaBP_vs_somatic_snvs.FILTER.summary	TSV	None
nf-core/sarek	BulkWESLevel3	Reports/{tumor_id}_vs_{normal_id}/VCFTools/StrelkaBP_{tumor_id}_vs_{normal_id}_somatic_snvs.TsTv.count	Reports/vs/VCFTools/StrelkaBP_vs_somatic_snvs.TsTv.count	TSV	None
nf-core/sarek	BulkWESLevel3	Reports/{tumor_id}_vs_{normal_id}/VCFTools/StrelkaBP_{tumor_id}_vs_{normal_id}_somatic_snvs.TsTv.qual	Reports/vs/VCFTools/StrelkaBP_vs_somatic_snvs.TsTv.qual	TSV	None
nf-core/sarek	BulkWESLevel3	VariantCalling/{sample_id}/Manta/Manta_{sample_id}.candidateSmallIndels.vcf.gz	VariantCalling/Manta/Manta.candidateSmallIndels.vcf.gz	VCF	bgzip
nf-core/sarek	BulkWESLevel3	VariantCalling/{sample_id}/Manta/Manta_{sample_id}.candidateSmallIndels.vcf.gz.tbi	VariantCalling/Manta/Manta.candidateSmallIndels.vcf.gz.tbi	TBI	None
nf-core/sarek	BulkWESLevel3	VariantCalling/{sample_id}/Manta/Manta_{sample_id}.candidateSV.vcf.gz	VariantCalling/Manta/Manta.candidateSV.vcf.gz	VCF	bgzip
nf-core/sarek	BulkWESLevel3	VariantCalling/{sample_id}/Manta/Manta_{sample_id}.candidateSV.vcf.gz.tbi	VariantCalling/Manta/Manta.candidateSV.vcf.gz.tbi	TBI	None
nf-core/sarek	BulkWESLevel3	VariantCalling/{sample_id}/Manta/Manta_{sample_id}.diploidSV.vcf.gz	VariantCalling/Manta/Manta.diploidSV.vcf.gz	VCF	bgzip
nf-core/sarek	BulkWESLevel3	VariantCalling/{sample_id}/Manta/Manta_{sample_id}.diploidSV.vcf.gz.tbi	VariantCalling/Manta/Manta.diploidSV.vcf.gz.tbi	TBI	None
nf-core/sarek	BulkWESLevel3	VariantCalling/{sample_id}/Manta/Manta_{sample_id}.tumorSV.vcf.gz	VariantCalling/Manta/Manta.tumorSV.vcf.gz	VCF	bgzip
nf-core/sarek	BulkWESLevel3	VariantCalling/{sample_id}/Manta/Manta_{sample_id}.tumorSV.vcf.gz.tbi	VariantCalling/Manta/Manta.tumorSV.vcf.gz.tbi	TBI	None
nf-core/sarek	BulkWESLevel3	VariantCalling/{sample_id}/Strelka/Strelka_{sample_id}_genome.vcf.gz	VariantCalling/Strelka/Strelka_genome.vcf.gz	VCF	bgzip
nf-core/sarek	BulkWESLevel3	VariantCalling/{sample_id}/Strelka/Strelka_{sample_id}_genome.vcf.gz.tbi	VariantCalling/Strelka/Strelka_genome.vcf.gz.tbi	TBI	None
nf-core/sarek	BulkWESLevel3	VariantCalling/{sample_id}/Strelka/Strelka_{sample_id}_variants.vcf.gz	VariantCalling/Strelka/Strelka_variants.vcf.gz	VCF	bgzip
nf-core/sarek	BulkWESLevel3	VariantCalling/{sample_id}/Strelka/Strelka_{sample_id}_variants.vcf.gz.tbi	VariantCalling/Strelka/Strelka_variants.vcf.gz.tbi	TBI	None
nf-core/sarek	BulkWESLevel3	VariantCalling/{tumor_id}_vs_{normal_id}/Manta/Manta_{tumor_id}_vs_{normal_id}.candidateSmallIndels.vcf.gz	VariantCalling/vs/Manta/Manta_vs.candidateSmallIndels.vcf.gz	VCF	bgzip
nf-core/sarek	BulkWESLevel3	VariantCalling/{tumor_id}_vs_{normal_id}/Manta/Manta_{tumor_id}_vs_{normal_id}.candidateSmallIndels.vcf.gz.tbi	VariantCalling/vs/Manta/Manta_vs.candidateSmallIndels.vcf.gz.tbi	TBI	None
nf-core/sarek	BulkWESLevel3	VariantCalling/{tumor_id}_vs_{normal_id}/Manta/Manta_{tumor_id}_vs_{normal_id}.candidateSV.vcf.gz	VariantCalling/vs/Manta/Manta_vs.candidateSV.vcf.gz	VCF	bgzip
nf-core/sarek	BulkWESLevel3	VariantCalling/{tumor_id}_vs_{normal_id}/Manta/Manta_{tumor_id}_vs_{normal_id}.candidateSV.vcf.gz.tbi	VariantCalling/vs/Manta/Manta_vs.candidateSV.vcf.gz.tbi	TBI	None
nf-core/sarek	BulkWESLevel3	VariantCalling/{tumor_id}_vs_{normal_id}/Manta/Manta_{tumor_id}_vs_{normal_id}.diploidSV.vcf.gz	VariantCalling/vs/Manta/Manta_vs.diploidSV.vcf.gz	VCF	bgzip
nf-core/sarek	BulkWESLevel3	VariantCalling/{tumor_id}_vs_{normal_id}/Manta/Manta_{tumor_id}_vs_{normal_id}.diploidSV.vcf.gz.tbi	VariantCalling/vs/Manta/Manta_vs.diploidSV.vcf.gz.tbi	TBI	None
nf-core/sarek	BulkWESLevel3	VariantCalling/{tumor_id}_vs_{normal_id}/Manta/Manta_{tumor_id}_vs_{normal_id}.somaticSV.vcf.gz	VariantCalling/vs/Manta/Manta_vs.somaticSV.vcf.gz	VCF	bgzip
nf-core/sarek	BulkWESLevel3	VariantCalling/{tumor_id}_vs_{normal_id}/Manta/Manta_{tumor_id}_vs_{normal_id}.somaticSV.vcf.gz.tbi	VariantCalling/vs/Manta/Manta_vs.somaticSV.vcf.gz.tbi	TBI	None
nf-core/sarek	BulkWESLevel3	VariantCalling/{tumor_id}_vs_{normal_id}/Strelka/Strelka_{tumor_id}_vs_{normal_id}_somatic_indels.vcf.gz	VariantCalling/vs/Strelka/Strelka_vs_somatic_indels.vcf.gz	VCF	bgzip
nf-core/sarek	BulkWESLevel3	VariantCalling/{tumor_id}_vs_{normal_id}/Strelka/Strelka_{tumor_id}_vs_{normal_id}_somatic_indels.vcf.gz.tbi	VariantCalling/vs/Strelka/Strelka_vs_somatic_indels.vcf.gz.tbi	TBI	None
nf-core/sarek	BulkWESLevel3	VariantCalling/{tumor_id}_vs_{normal_id}/Strelka/Strelka_{tumor_id}_vs_{normal_id}_somatic_snvs.vcf.gz	VariantCalling/vs/Strelka/Strelka_vs_somatic_snvs.vcf.gz	VCF	bgzip
nf-core/sarek	BulkWESLevel3	VariantCalling/{tumor_id}_vs_{normal_id}/Strelka/Strelka_{tumor_id}_vs_{normal_id}_somatic_snvs.vcf.gz.tbi	VariantCalling/vs/Strelka/Strelka_vs_somatic_snvs.vcf.gz.tbi	TBI	None
nf-core/sarek	BulkWESLevel3	VariantCalling/{tumor_id}_vs_{normal_id}/Strelka/StrelkaBP_{tumor_id}_vs_{normal_id}_somatic_indels.vcf.gz	VariantCalling/vs/Strelka/StrelkaBP_vs_somatic_indels.vcf.gz	VCF	bgzip
nf-core/sarek	BulkWESLevel3	VariantCalling/{tumor_id}_vs_{normal_id}/Strelka/StrelkaBP_{tumor_id}_vs_{normal_id}_somatic_indels.vcf.gz.tbi	VariantCalling/vs/Strelka/StrelkaBP_vs_somatic_indels.vcf.gz.tbi	TBI	None
nf-core/sarek	BulkWESLevel3	VariantCalling/{tumor_id}_vs_{normal_id}/Strelka/StrelkaBP_{tumor_id}_vs_{normal_id}_somatic_snvs.vcf.gz	VariantCalling/vs/Strelka/StrelkaBP_vs_somatic_snvs.vcf.gz	VCF	bgzip
nf-core/sarek	BulkWESLevel3	VariantCalling/{tumor_id}_vs_{normal_id}/Strelka/StrelkaBP_{tumor_id}_vs_{normal_id}_somatic_snvs.vcf.gz.tbi	VariantCalling/vs/Strelka/StrelkaBP_vs_somatic_snvs.vcf.gz.tbi	TBI	None
